[
    {
        "userId": "testuser1",
        "name": "Test User1",
        "password": "123456"
    },
    {
        "userId": "testuser2",
        "name": "Test User2",
        "password": "123456"
    },
    {
        "userId": "testuser3",
        "name": "Test User3",
        "password": "123456"
    },
    {
        "userId": "testuser4",
        "name": "Test User4",
        "password": "123456"
    },
    {
        "userId": "testuser5",
        "name": "Test User5",
        "password": "123456"
    },
    {
        "userId": "testuser6",
        "name": "Test User6",
        "password": "123456"
    },
    {
        "userId": "testuser7",
        "name": "Test User7",
        "password": "123456"
    },
    {
        "userId": "testuser8",
        "name": "Test User8",
        "password": "123456"
    },
    {
        "userId": "testuser9",
        "name": "Test User9",
        "password": "123456"
    },
    {
        "userId": "testuser10",
        "name": "Test User10",
        "password": "123456"
    }
]